id,url
2023062,https://www.applesfera.com/apple-watch/apple-watch-vuelve-a-ser-esencial-para-ayudar-dos-accidentes-trafico
2022651,https://ahoramismo.com/entretenimiento/2019/06/noticias-trending-28junio-anterougalde-romina-pasos/
2022451,https://africa.cgtn.com/2019/06/28/egypts-amr-warda-welcomed-back-to-afcon-squad/
2022895,https://androidcommunity.com/bixby-marketplace-announced-by-samsung-20190628/
2023010,https://www.analyticsindiamag.com/top-7-smartphones-with-ai-cameras-and-post-processing/
2022800,https://www.3dprintingmedia.network/ubc-canadian-install-ge-additive-q20plus-3d-printer/
2022891,https://androidcommunity.com/huawei-p30-phones-hit-10-million-mark-within-three-months-20190628/
2022384,https://www.accountingtoday.com/list/the-state-of-bookkeeping-in-2019
2022799,https://www.3dprintingmedia.network/industry-2030-3d-printing-europe-industrial-future/
2022462,https://africa.cgtn.com/2019/06/28/eu-to-provide-40-billion-euros-in-grants-to-help-create-jobs-in-africa/
2022255,https://3dprintingindustry.com/news/us-researchers-paving-way-for-new-class-of-materials-with-3d-printable-nanocomposites-157887/
2022862,https://ambcrypto.com/macroeconomics-federal-reserves-expansionary-monetary-policies-may-have-impacted-bitcoins-price/
2022767,https://www.abccolumbia.com/2019/06/28/deputies-man-stabbed-woman-self-in-front-of-child/
2022528,https://www.altonivel.com.mx/empresas/energias-renovables-superan-al-carbon-y-el-gas-en-eu-por-primera-vez/
2022556,https://www.ainonline.com/aviation-news/general-aviation/2019-06-28/garmin-mainstreams-g3x-touch-part-23-airplanes
2022924,https://www.americanbanker.com/news/banks-rush-to-boost-shareholder-payouts-after-stress-test-results
2023020,https://www.analyticsindiamag.com/7-fastest-growing-job-roles-in-data-science-how-to-work-towards-them/
2022990,https://www.androidworld.it/2019/06/28/volete-prendere-parte-al-design-prodotti-samsung-partecipate-alla-samsung-mobile-design-competition-640497/
2022888,https://androidcommunity.com/amazon-lets-you-pick-up-your-packages-at-counters-20190628/
2023007,https://www.androidworld.it/2019/06/28/cosa-succede-huawei-health-lapp-scomparsa-dal-play-store-640516/
2022639,https://www.3dnatives.com/es/deriva-sailmakers-mochilas-3d-280620192/
2022634,https://www.altonivel.com.mx/economia/mexico-necesita-crecer-al-ritmo-de-china-para-alcanzar-la-meta-de-4/
2022904,https://alextimes.com/2019/06/your-views-make-the-effort-to-better-recycle-glass/
2022386,https://africa.cgtn.com/2019/06/28/boeing-extends-cancellations-after-new-flaw-discovered-on-737-max/
2022886,https://androidcommunity.com/samsung-galaxy-a90-may-come-with-a-snapdragon-855-tof-sensor-20190626/
2022523,https://www.aerotelegraph.com/737-max-von-tuifly-und-sun-express-stehen-auf-mitarbeiterparkplatz
2023009,https://www.annistonstar.com/sports/high_school/all-calhoun-county-girls-golf-the-complete-team/article_06fe1c54-994c-11e9-90aa-cb3ab1d38e83.html
2022252,https://3dprintingindustry.com/news/mcsc-trains-us-marines-to-use-3d-printing-157813/
2022956,https://www.anandtech.com/show/14583/intel-and-microsoft-to-keep-supporting-existing-huawei-notebooks
2023000,https://www.androidworld.it/2019/06/28/preferite-nome-galaxy-note-10-pro-galaxy-note-10-samsung-sembra-le-idee-chiare-video-foto-640484/
2023083,https://www.androidpolice.com/2019/06/25/nokia-4-2-review-performance-issues-spoil-another-budget-nokia-phone/
2022890,https://androidcommunity.com/philips-hue-system-ready-to-work-with-alexa-google-assistant-20190628/
2023026,https://arstechnica.com/tech-policy/2019/06/trump-tweets-will-get-warning-labels-if-they-break-rules-twitter-says/
2022250,https://3dprintingindustry.com/news/beamit-and-slm-solutions-expand-cooperation-on-metal-am-157836/
2022876,https://www.androidcentral.com/actiondash-30-launches-focus-mode-and-app-limits
2022856,https://ambcrypto.com/bitcoins-fall-may-be-equivalent-to-sps-dropping-500-points-in-90-minutes/
2022714,https://247wallst.com/aerospace-defense/2019/06/27/boeings-737-max-return-may-be-delayed-even-further/
2022910,https://www.americanbanker.com/news/another-reason-for-bank-ceos-to-dislike-cecl-smaller-pay-raises
2022798,https://www.3dprintingmedia.network/3d-print-bmw-vision-m-next-concept-car/
2022998,https://www.androidworld.it/2019/06/28/xiaomi-rilascia-lultimo-letteralmente-aggiornamento-miui-10-global-beta-rom-9-6-27-640559/
2022628,https://www.3dnatives.com/logiciels-reparer-fichier-stl-24062019/
2022349,https://www.accountingtoday.com/news/gasb-proposes-guidance-on-deferred-compensation-plans
2022323,https://www.abqjournal.com/1331961/state-environmental-agency-wins-epa-grant.html
2023053,https://arstechnica.com/information-technology/2019/06/new-ransomware-infections-are-the-worst-drive-by-attacks-in-recent-memory/
2023068,https://www.applesfera.com/accesorios/apple-store-empiezan-a-vender-medidor-glucosa-sangre-para-diabeticos
2022633,https://www.3dnatives.com/hyperganic-design-25062019/
2022277,https://ahoramismo.com/noticias/2019/06/debate-democrata-espanol-telemundo/
2023011,https://www.androidworld.it/2019/06/28/cosa-serve-un-app-drawer-esiste-launchboard-foto-640612/
2022445,https://www.aerotelegraph.com/kuwait-airways-nizza-boeing-777-holt-sich-blechschaden
2022961,https://www.anandtech.com/show/14587/vulnerability-in-amds-secure-encrypted-virtualization-for-epyc-update-now-to-build-22
2022294,https://ahoramismo.com/entretenimiento/2019/06/noticias28junio-francisca-lachapel-niurka/
2022448,https://www.aikenstandard.com/news/south-boundary-to-be-closed-to-traffic-friday-morning/article_79fb355e-990e-11e9-a2cb-c77c8bd5bc16.html
2022945,https://www.agprofessional.com/article/usda-reports-bring-bears-corn-market
2022533,https://www.aerotelegraph.com/name-germania-endgueltig-vom-himmel-verschwunden
2022420,https://alextimes.com/2019/06/your-views-retain-old-towns-sense-of-place/
2022416,https://303magazine.com/2019/06/top-taco-winners-review-2019/
2022650,https://ahoramismo.com/entretenimiento/2019/06/videos-trending-28junio-belinda-chiquis-alejandraguzman/
2022532,https://www.aikenstandard.com/lifestyle/religion-briefs-for-friday-june/article_200e2d6e-9920-11e9-a95d-e710d7fb7784.html
2023048,https://arstechnica.com/information-technology/2019/06/is-there-something-in-the-water-third-florida-city-hit-by-ransomware/
2022274,https://3dprintingindustry.com/news/arkema-invests-20-million-to-carbon-following-materials-partnership-157815/
2022524,https://www.ainonline.com/aviation-news/business-aviation/2019-06-28/first-embraer-praetor-600-enters-service
2022640,https://www.3dnatives.com/impression-3d-de-coeurs-260620193/
2022960,https://www.anandtech.com/show/14590/vesa-announces-displayport-20-standard-bandwidth-for-8k-monitors-beyond
2022452,https://www.aerotelegraph.com/adria-airways-in-schwierigkeiten
2023019,https://www.androidworld.it/2019/06/28/sara-android-q-sugli-smartphone-huawei-alcune-risposte-alle-vostre-domande-video-foto-640519/
2022954,https://www.anandtech.com/show/14585/msi-zotac-low-profile-geforce-gtx-1650
2022432,https://www.aerotelegraph.com/flughafen-koeln-bonn-nicht-profitabel-genug
2022997,https://www.annistonstar.com/news/anniston/council-votes-against-immediate-city-manager-search/article_4a2dcec2-9936-11e9-9abc-8b27de73d78c.html
2022284,https://ahoramismo.com/deportes/2019/06/inglaterra-noruega-hora-livestream-copa-femenina2019/
2022947,https://www.androidcentral.com/oneplus-7-review
2022541,https://www.almasdarnews.com/article/the-daily-brief-2019-06-26/
2022356,https://www.accountingtoday.com/news/ima-expands-diversity-and-inclusion-efforts
2022806,https://www.3dprintingmedia.network/alfa-romeo-f1-racing-orders-4th-metalfab1-system-form-additive-industries/
2023014,https://www.analyticsindiamag.com/a-day-in-the-life-of-a-cio-who-is-championing-energy-efficient-solutions-for-modern-india/
2022262,https://3dprintingindustry.com/news/bmt-aerospace-and-carpenter-technology-partner-for-3d-printing-in-aerospace-157607/
2022509,https://www.aerotelegraph.com/auch-qatar-airways-haette-interesse-an-a350-frachter
2022678,https://3dprintingindustry.com/news/metallum3d-begins-a-beta-test-program-for-stainless-steel-316l-filament-157799/
2022963,https://www.americanthinker.com/blog/2019/06/californias_gov_gavin_newsom_puts_out_a_video_for_illegals_on_how_to_obstruct_ice.html
2022803,https://www.3dprintingmedia.network/schunk-carbon-technology-anisoprint-3d-printing-tool/
2022716,https://247wallst.com/banking-finance/2019/06/27/huntington-discover-top-j-d-power-customer-surveys-on-digital-offerings/
2022902,https://www.americanninjawarriornation.com/2019/6/24/18657960/american-ninja-warrior-season-11-2019-seattle-tacoma-qualifier-recap-result
2022879,https://www.agprofessional.com/article/against-marijuana-experts-say-grow-hemp
2022984,https://www.androidworld.it/2019/06/28/google-chrome-5-mld-download-640421/
2022263,https://3dprintingindustry.com/news/the-mit-scientists-making-3d-printed-fabrics-as-soft-as-skin-157609/
2022967,https://www.anandtech.com/show/14465/the-google-pixel-3a-xl-review
2022543,https://www.almasdarnews.com/article/militant-corpses-left-along-highway-after-battle-against-syrian-army-video/
2022272,https://3dprintingindustry.com/news/nanoscribe-introduces-quantum-x-a-two-photon-3d-printer-for-microoptics-157656/
2022297,https://www.3dnatives.com/es/top-softwares-reparar-archivos-stl-240620192/
2022562,https://www.ainonline.com/aviation-news/air-transport/2019-06-24/lufthansa-reveals-major-shake-eurowings
2023006,https://www.annistonstar.com/news/calhoun/three-hurt-in-u-s-wreck/article_f2460b8e-97d2-11e9-b36d-274ea2a2ce55.html
2022711,https://247wallst.com/services/2019/06/25/is-it-time-to-back-off-the-shopify-craze/
2022404,https://africa.cgtn.com/2019/06/28/xi-puts-forward-3-point-proposal-on-developing-china-african-relations/
2022576,https://www.almasdarnews.com/article/russian-syrian-air-forces-launch-big-attack-across-southern-idlib/
2022346,https://www.accountingtoday.com/list/firms-giving-back-cla-donates-more-than-1-000-childrens-books
2022974,https://americanmilitarynews.com/2019/06/trump-displays-new-air-force-one-model-in-oval-office/
2022371,http://africa.businesschief.com/leadership/4488/UNICEF-Kenya-and-Nokia-partnership-to-drive-technical-literacy
2022514,https://www.aikenstandard.com/news/south-boundary-reopened-to-traffic-friday-morning/article_79fb355e-990e-11e9-a2cb-c77c8bd5bc16.html
2022837,https://alextimes.com/2019/06/your-views-time-to-declare-climate-emergency/
2022855,https://ambcrypto.com/binance-exchange-hints-at-the-introduction-of-an-oco-feature-after-adding-margin-trading/
2022598,https://www.almasdarnews.com/article/turkey-or-us-behind-attack-on-syrian-oil-pipelines-in-mediterranean-russian-media/
2022591,https://303magazine.com/2019/06/11-unique-places-to-glamp-in-colorado-this-summer/
2022325,https://www.9and10news.com/2019/06/28/the-four-podcast-northwest-michigan-works-with-evelyn-szpliet/
2022635,https://303magazine.com/2019/06/stitch-boutique/
2022487,https://www.ainonline.com/aviation-news/business-aviation/2019-06-28/panynj-ponders-acy-buy
2022968,https://www.androidpolice.com/2019/06/27/google-maps-public-transit-miserable/
2023063,https://archpaper.com/2019/06/vishaan-chakrabarti-dean-uc-berkeley-college-of-environmental-design/
2022957,https://www.anandtech.com/show/14581/raspberry-pi-4-launched-quad-cortex-a72-project-board-for-35-dollars
2023082,https://www.androidpolice.com/2019/06/24/xiaomi-file-manager-gets-a-dark-mode-and-launcher-app-shortcuts-apk-download/
2023073,https://archpaper.com/2019/06/robert-mckinley-shoppable-bungalow-long-island-montauk/
2022653,https://www.almasdarnews.com/article/syrian-army-destroys-jihadist-missile-site-northwestern-hama-video/
2022858,https://ambcrypto.com/binance-celebrates-as-exchange-records-a-24-hour-trading-volume-of-5-billion/
2023025,https://www.analyticsindiamag.com/tensorflow-vs-keras-which-one-should-you-choose/
2022897,https://www.americanninjawarriornation.com/2019/6/26/18680619/american-ninja-warrior-season-11-2019-seattle-tacoma-qualifiers-sandy-zimmerman-full-run-interview
2022253,https://3dprintingindustry.com/news/ge-additive-to-bring-3d-printing-to-over-one-million-students-157798/
2022991,https://www.androidworld.it/2019/06/28/grammarly-riceve-un-corposo-aggiornamento-android-640520/
2022781,https://www.abccolumbia.com/2019/06/28/lexington-man-arrested-on-child-pornography-charges/
2022787,https://abovethelaw.com/2019/06/harvard-law-schools-own-larry-tribe-is-deeply-concerned-about-the-next-shoe-thats-going-to-drop/
2022603,https://303magazine.com/2019/06/colorado-road-trip-scenic-byways/
2022586,https://303magazine.com/2019/06/seriesfest-red-carpet-red-rocks/
2022350,https://www.abqjournal.com/1332979/nm-seeks-comment-on-election-rules.html
2022265,https://3dprintingindustry.com/news/chinese-startup-invests-3million-in-3d-printed-midsole-production-facility-157909/
2022905,https://androidcommunity.com/pokemon-masters-coming-soon-to-android-20190628/
2022593,https://303magazine.com/2019/06/alamo-drafthouse-westminster/
2023042,https://arstechnica.com/information-technology/2019/06/apple-moves-mac-pro-production-from-texas-to-china/
2022291,https://ahoramismo.com/entretenimiento/2019/06/superlotto-plus-numeros-ganadores-26062019/
2022592,https://303magazine.com/2019/06/boulder-forest-bathing-japanese-1/
2022649,https://ahoramismo.com/noticias/2019/06/noticiastrending27junio-cardi-b-gelena-solano-frida/
2022644,https://www.3dnatives.com/soliquid-impression-suspension-27062019/
2022538,https://www.aikenstandard.com/news/lineup-announced-for-jack-o-lantern-jubilee/article_b8732440-99ea-11e9-9f15-e30cacdc633a.html
2022908,https://www.americanninjawarriornation.com/2019/6/27/18832965/american-ninja-warrior-season-11-2019-seattle-tacoma-qualifiers-jackson-meyer-full-run
2022257,https://3dprintingindustry.com/news/print-parts-launches-on-demand-additive-manufacturing-service-for-performance-parts-157849/
2022564,https://www.almasdarnews.com/article/us-envoy-is-against-idlib-operation-because-it-will-give-assad-another-victory/
2022946,https://www.androidcentral.com/youtube-tv-family-managers-can-snag-nest-home-hub-49
2022732,https://247wallst.com/investing/2019/06/28/goldman-sachs-has-5-quality-value-stocks-to-buy-for-nervous-investors/
2022707,https://247wallst.com/autos/2019/06/27/americas-biggest-car-companies-falter-in-june/
2022415,https://303magazine.com/2019/06/review-death-cab-for-cutie-2019/
2023086,https://www.architectsjournal.co.uk/news/sergison-bates-to-overhaul-landmark-peter-jones-store/10043351.article
2022447,https://www.aikenstandard.com/srel-critters-visit-jackson/collection_ebdfbc1e-987b-11e9-9fef-b3a4303bccbb.html
2023023,https://americanmilitarynews.com/2019/06/border-patrol-union-boss-attacks-dhs-chief-as-incompetent/
2022643,https://ahoramismo.com/entretenimiento/2019/06/gualberto-castro-muerto-cancer/
2023075,https://archpaper.com/2019/06/weiss-manfredi-reinvents-their-approach/
2022282,https://ahoramismo.com/deportes/2019/06/brasil-paraguay-hora-livestream-copa-america2019/
2022304,https://www.3dnatives.com/es/mink-impresora-3d-de-maquillaje-270620192/
2022980,https://americanmilitarynews.com/2019/06/presidential-candidate-rep-swalwell-unveils-sweeping-gun-control-plan/
2023003,https://www.androidworld.it/2019/06/28/cattive-notizie-le-fette-torta-finite-niente-android-pie-nokia-2-foto-640576/
2022636,https://www.3dnatives.com/mailles-imprimees-en-3d-26062019/
2022548,https://www.almasdarnews.com/article/israeli-air-force-carries-out-sorties-with-us-british-f-35s-in-syria/
2022602,https://www.almasdarnews.com/article/russian-air-force-carries-out-first-strikes-near-idlib-city/
2022710,https://247wallst.com/retail/2019/06/27/rite-aid-surprises-big-with-earnings-and-amazon-partnership/
2022547,https://www.almasdarnews.com/article/gps-disruption-hits-iran-iraq-syria-israeli-radio-blames-russian-at-hmeimim-airbase/
2022705,https://247wallst.com/healthcare-business/2019/06/27/thursdays-top-4-biotech-movers/
2022587,https://303magazine.com/2019/06/italian-speakeasy-sotto-voce-opens-below-jovaninas-broken-italian/
2022300,https://www.3dnatives.com/es/servicios-de-impresion-3d-en-espana-250620192/
2023004,https://www.annistonstar.com/news/calhoun-ema-studying-how-residents-get-weather-warnings/article_5d653f84-9927-11e9-8918-979b071b6bf3.html
2022701,https://247wallst.com/investing/2019/06/25/jefferies-top-growth-stocks-to-buy-all-have-big-time-catalysts/
2022493,https://alextimes.com/2019/06/with-local-jam-band-duo-the-song-never-remains-the-same/
2023079,https://www.androidpolice.com/2019/06/26/human-fall-flat-android-release/
2022383,https://africa.cgtn.com/2019/06/28/xi-calls-on-g20-to-join-hands-in-forging-high-quality-global-economy/
2022497,https://www.ainonline.com/aviation-news/business-aviation/2019-06-28/senator-suggests-implementing-tfrs-concerts
2022909,https://www.americanninjawarriornation.com/2019/6/27/18857362/american-ninja-warrior-season-11-how-to-watch-baltimore-qualifiers-stream-tune-in
2022942,https://www.androidcentral.com/how-automatically-delete-your-google-location-and-web-app-activity
2023045,https://arstechnica.com/tech-policy/2019/06/author-pulls-software-that-used-deep-learning-to-virtually-undress-women/
2022674,https://www.almasdarnews.com/article/syrian-army-storms-key-hilltop-to-reopen-supply-line-in-northwestern-hama/
2022387,https://africa.cgtn.com/2019/06/25/u-s-says-airstrike-in-somalia-kills-1-terrorist/
2022969,https://www.androidpolice.com/2019/06/28/tetris-royale-android/
2023018,https://www.analyticsindiamag.com/11-non-technical-books-all-data-scientists-must-read/
2022992,https://www.annistonstar.com/news/jacksonville/jacksonville-council-needs-more-time-to-decide-on-vacancy/article_63014022-96ee-11e9-afc6-9fd9ccfbb71a.html
2022638,https://www.3dnatives.com/arme-impression-3d-240620193/
2022718,https://247wallst.com/autos/2019/06/27/why-its-time-to-buy-ford-and-gm-stock-but-not-tesla/
2022577,https://www.ainonline.com/aviation-news/business-aviation/2019-06-27/faa-administrator-nominee-dickson-defends-disclosures
2022324,https://www.abqjournal.com/1333687/mescalero-apache-to-offer-sports-betting-at-casino.html
2022468,https://alextimes.com/2019/06/scooters-in-alexandria-part-5-state-bill-regulates-e-scooters/
2022884,https://androidcommunity.com/oppo-under-screen-camera-meshtalk-unveiled-at-mwc-shanghai-20190626/
2022983,https://www.androidworld.it/2019/06/28/google-sta-testando-filtri-alla-instagramsnapchat-suoi-messaggi-foto-video-640562/
2022935,https://androidcommunity.com/youtube-musics-smart-downloads-automatically-downloads-songs-you-liked-20190628/
2022959,https://www.anandtech.com/show/14596/toshiba-western-digital-nand-production-partially-halted-by-power-outage
2022709,https://247wallst.com/economy/2019/06/26/weak-durable-goods-in-may-should-act-as-a-drag-on-q2-gdp/
2022351,https://www.accountingtoday.com/news/irs-issues-proposed-regs-on-college-and-university-endowment-income?feed=00000158-20c2-d6a2-adfb-70ebc3670000
2022797,https://www.3dprintingmedia.network/beam-it-two-slm-solutions-3d-printers/
2023057,https://arstechnica.com/information-technology/2019/06/renewable-electricity-beat-out-coal-for-the-first-time-in-april/
2022441,https://africa.cgtn.com/2019/06/28/china-donates-sewing-machines-to-women-groups-in-tanzania/
2022630,https://www.3dnatives.com/echecs-impression-3d-23062019/
2022951,https://alextimes.com/2019/06/mo-seifeldein-calls-for-suspension-of-scooters/
2022966,https://www.androidpolice.com/2019/06/28/all-hmd-nokia-phones-run-android-9-pie-nokia-1-gets-update-ota/
2022950,https://www.androidcentral.com/lgs-new-w-series-budget-smartphones-take-fight-samsung-and-xiaomi
2022995,https://www.annistonstar.com/news/jacksonville/online-samaritan-facebook-post-leads-to-needed-gift/article_cd63b7da-9570-11e9-a63e-f79fe4130c94.html
2022996,https://www.annistonstar.com/news/history/look-back-to-the-kids-planning-a-hayride/article_557835da-97cc-11e9-94e7-332de0ec9944.html
2022337,https://www.9and10news.com/2019/06/28/traverse-city-film-festival-lineup-2019/
2022805,https://www.3dprintingmedia.network/new-balance-triplecell-platform-3d-printed-footwear/
2022932,https://www.androidcentral.com/samsung-galaxy-note-10-hands-images-confirm-centered-hole-punch-and-triple-rear-cameras
2022309,https://www.abqjournal.com/1334247/four-corners-hospital-layoffs-5-of-staff-amid-cuts.html
2022863,https://ambcrypto.com/vechains-latest-financial-report-indicates-positive-sentiment-shift-among-users/
2022565,https://www.altonivel.com.mx/empresas/industria-del-blindaje-un-negocio-que-crece-frente-a-la-violencia/
2022418,https://303magazine.com/2019/06/behind-the-scenes-at-sonic-bloom-music-festival/
2022871,https://www.agprofessional.com/article/assert-confidence-your-recommendations
2022254,https://3dprintingindustry.com/news/watch-bcn3ds-vast-3d-printing-farm-157880/
2022955,https://www.anandtech.com/show/14597/cmc-buys-verbatim-assets-from-mitsubishi
2022949,https://www.androidcentral.com/nokia-42-review
2022896,https://androidcommunity.com/firefox-preview-is-mozillas-newest-mobile-browser-for-android-20190628/
2022854,https://www.agprofessional.com/article/gemplers-marks-80-years-refocuses-new-ownership