Id,url,author_name,contact_info
2022651,https://ahoramismo.com/entretenimiento/2019/06/noticias-trending-28junio-anterougalde-romina-pasos/,Michelle Oyola,[]
2022895,https://androidcommunity.com/bixby-marketplace-announced-by-samsung-20190628/,Rei Padla,[]
2022891,https://androidcommunity.com/huawei-p30-phones-hit-10-million-mark-within-three-months-20190628/,Rei Padla,[]
2023010,https://analyticsindiamag.com/top-7-smartphones-with-ai-cameras-and-post-processing/,Anirudh VK,[]
2023062,https://www.applesfera.com/apple-watch/apple-watch-vuelve-a-ser-esencial-para-ayudar-dos-accidentes-trafico,Eduardo Archanco,[]
2022384,https://www.accountingtoday.com/list/the-state-of-bookkeeping-in-2019,Daniel Hood,[]
2022767,https://www.abccolumbia.com/2019/06/28/deputies-man-stabbed-woman-self-in-front-of-child/,Rob Dew,[]
2023020,https://analyticsindiamag.com/7-fastest-growing-job-roles-in-data-science-how-to-work-towards-them/,Richa Bhatia,[]
2022639,https://www.3dnatives.com/es/deriva-sailmakers-mochilas-3d-280620192/,Lucía C.,[]
2022528,https://www.altonivel.com.mx/empresas/energias-renovables-superan-al-carbon-y-el-gas-en-eu-por-primera-vez/,Antonio Sandoval,[]
2022451,https://africa.cgtn.com/2019/06/28/egypts-amr-warda-welcomed-back-to-afcon-squad/,CGTN Africa,[]
2022255,https://3dprintingindustry.com/news/us-researchers-paving-way-for-new-class-of-materials-with-3d-printable-nanocomposites-157887/,Kubi Sertoglu,[]
2022888,https://androidcommunity.com/amazon-lets-you-pick-up-your-packages-at-counters-20190628/,Ida Torres,[]
2022886,https://androidcommunity.com/samsung-galaxy-a90-may-come-with-a-snapdragon-855-tof-sensor-20190626/,Rei Padla,[]
2022462,https://africa.cgtn.com/2019/06/28/eu-to-provide-40-billion-euros-in-grants-to-help-create-jobs-in-africa/,CGTN Africa,[]
2022634,https://www.altonivel.com.mx/economia/mexico-necesita-crecer-al-ritmo-de-china-para-alcanzar-la-meta-de-4/,Antonio Sandoval,[]
2022800,https://www.3dprintingmedia.network/ubc-canadian-install-ge-additive-q20plus-3d-printer/,Tess Boissonneault,[]
2022924,https://www.americanbanker.com/news/banks-rush-to-boost-shareholder-payouts-after-stress-test-results,Andy Peters,[]
2022890,https://androidcommunity.com/philips-hue-system-ready-to-work-with-alexa-google-assistant-20190628/,Rei Padla,[]
2022998,https://www.androidworld.it/2019/06/28/xiaomi-rilascia-lultimo-letteralmente-aggiornamento-miui-10-global-beta-rom-9-6-27-640559/,Roberto Artigiani,[]
2022628,https://www.3dnatives.com/logiciels-reparer-fichier-stl-24062019/,Mélanie R.,[]
2022876,https://www.androidcentral.com/actiondash-30-launches-focus-mode-and-app-limits,Ara Wagoner,[]
2022799,https://www.3dprintingmedia.network/industry-2030-3d-printing-europe-industrial-future/,Tess Boissonneault,[]
2022633,https://www.3dnatives.com/hyperganic-design-25062019/,Mélanie R.,[]
2022714,https://247wallst.com/aerospace-defense/2019/06/27/boeings-737-max-return-may-be-delayed-even-further/,Paul Ausick,[]
2023026,https://arstechnica.com/tech-policy/2019/06/trump-tweets-will-get-warning-labels-if-they-break-rules-twitter-says/,Timothy B. Lee,[]
2022386,https://africa.cgtn.com/2019/06/28/boeing-extends-cancellations-after-new-flaw-discovered-on-737-max/,CGTN Africa,[]
2022252,https://3dprintingindustry.com/news/mcsc-trains-us-marines-to-use-3d-printing-157813/,Kubi Sertoglu,[]
2022349,https://www.accountingtoday.com/news/gasb-proposes-guidance-on-deferred-compensation-plans,Michael Cohn,[]
2023068,https://www.applesfera.com/accesorios/apple-store-empiezan-a-vender-medidor-glucosa-sangre-para-diabeticos,Miguel López,[]
2022798,https://www.3dprintingmedia.network/3d-print-bmw-vision-m-next-concept-car/,Tess Boissonneault,[]
2022277,https://ahoramismo.com/noticias/2019/06/debate-democrata-espanol-telemundo/,Michelle Oyola,[]
2022904,https://alextimes.com/2019/06/your-views-make-the-effort-to-better-recycle-glass/,Missy Schrott,[]
2022640,https://www.3dnatives.com/impression-3d-de-coeurs-260620193/,Mélanie R.,[]
2022910,https://www.americanbanker.com/news/another-reason-for-bank-ceos-to-dislike-cecl-smaller-pay-raises,Andy Peters,[]
2022294,https://ahoramismo.com/entretenimiento/2019/06/noticias28junio-francisca-lachapel-niurka/,Alida Cleer,[]
2023048,https://arstechnica.com/information-technology/2019/06/is-there-something-in-the-water-third-florida-city-hit-by-ransomware/,Sean Gallagher,[]
2022250,https://3dprintingindustry.com/news/beamit-and-slm-solutions-expand-cooperation-on-metal-am-157836/,Kubi Sertoglu,[]
2022947,https://www.androidcentral.com/oneplus-7-review,Harish Jonnalagadda,[]
2022650,https://ahoramismo.com/entretenimiento/2019/06/videos-trending-28junio-belinda-chiquis-alejandraguzman/,Michelle Oyola,[]
2022284,https://ahoramismo.com/deportes/2019/06/inglaterra-noruega-hora-livestream-copa-femenina2019/,Alida Cleer,[]
2023014,https://analyticsindiamag.com/a-day-in-the-life-of-a-cio-who-is-championing-energy-efficient-solutions-for-modern-india/,Prajakta Hebbar,[]
2022356,https://www.accountingtoday.com/news/ima-expands-diversity-and-inclusion-efforts,Michael Cohn,[]
2022984,https://www.androidworld.it/2019/06/28/google-chrome-5-mld-download-640421/,Edoardo Carlo Ceretti,[]
2022716,https://247wallst.com/banking-finance/2019/06/27/huntington-discover-top-j-d-power-customer-surveys-on-digital-offerings/,Paul Ausick,[]
2022297,https://www.3dnatives.com/es/top-softwares-reparar-archivos-stl-240620192/,Lucía C.,[]
2022541,https://www.almasdarnews.com/article/the-daily-brief-2019-06-26/,News Desk,[]
2022963,https://www.americanthinker.com/blog/2019/06/californias_gov_gavin_newsom_puts_out_a_video_for_illegals_on_how_to_obstruct_ice.html,Monica Showalter,[]
2022543,https://www.almasdarnews.com/article/militant-corpses-left-along-highway-after-battle-against-syrian-army-video/,News Desk,[]
2022576,https://www.almasdarnews.com/article/russian-syrian-air-forces-launch-big-attack-across-southern-idlib/,News Desk,[]
2022806,https://www.3dprintingmedia.network/alfa-romeo-f1-racing-orders-4th-metalfab1-system-form-additive-industries/,Davide Sher,[]
2022803,https://www.3dprintingmedia.network/schunk-carbon-technology-anisoprint-3d-printing-tool/,Tess Boissonneault,[]
2022420,https://alextimes.com/2019/06/your-views-retain-old-towns-sense-of-place/,Missy Schrott,[]
2022416,https://303magazine.com/2019/06/top-taco-winners-review-2019/,Barbara Urzua,[]
2022711,https://247wallst.com/services/2019/06/25/is-it-time-to-back-off-the-shopify-craze/,Chris Lange,[]
2022346,https://www.accountingtoday.com/list/firms-giving-back-cla-donates-more-than-1-000-childrens-books,Sean McCabe,[]
2022598,https://www.almasdarnews.com/article/turkey-or-us-behind-attack-on-syrian-oil-pipelines-in-mediterranean-russian-media/,News Desk,[]
2022274,https://3dprintingindustry.com/news/arkema-invests-20-million-to-carbon-following-materials-partnership-157815/,Kubi Sertoglu,[]
2022974,https://americanmilitarynews.com/2019/06/trump-displays-new-air-force-one-model-in-oval-office/,Radio Free Asia,[]
2022678,https://3dprintingindustry.com/news/metallum3d-begins-a-beta-test-program-for-stainless-steel-316l-filament-157799/,Kubi Sertoglu,[]
2022653,https://www.almasdarnews.com/article/syrian-army-destroys-jihadist-missile-site-northwestern-hama-video/,News Desk,[]
2022404,https://africa.cgtn.com/2019/06/28/xi-puts-forward-3-point-proposal-on-developing-china-african-relations/,CGTN Africa,[]
2022591,https://303magazine.com/2019/06/11-unique-places-to-glamp-in-colorado-this-summer/,Kate Giles,[]
2023025,https://analyticsindiamag.com/tensorflow-vs-keras-which-one-should-you-choose/,Ambika Choudhury,[]
2022262,https://3dprintingindustry.com/news/bmt-aerospace-and-carpenter-technology-partner-for-3d-printing-in-aerospace-157607/,Kubi Sertoglu,[]
2022991,https://www.androidworld.it/2019/06/28/grammarly-riceve-un-corposo-aggiornamento-android-640520/,Enrico Paccusse,[]
2022837,https://alextimes.com/2019/06/your-views-time-to-declare-climate-emergency/,Missy Schrott,[]
2022635,https://303magazine.com/2019/06/stitch-boutique/,Ella Zeiler,[]
2022781,https://www.abccolumbia.com/2019/06/28/lexington-man-arrested-on-child-pornography-charges/,Rob Dew,[]
2022325,https://www.9and10news.com/2019/06/28/the-four-podcast-northwest-michigan-works-with-evelyn-szpliet/,Joe Buczek,[]
2022272,https://3dprintingindustry.com/news/nanoscribe-introduces-quantum-x-a-two-photon-3d-printer-for-microoptics-157656/,Kubi Sertoglu,[]
2022586,https://303magazine.com/2019/06/seriesfest-red-carpet-red-rocks/,Kori Hazel,[]
2022644,https://www.3dnatives.com/soliquid-impression-suspension-27062019/,Mélanie R.,[]
2022905,https://androidcommunity.com/pokemon-masters-coming-soon-to-android-20190628/,Rei Padla,[]
2022564,https://www.almasdarnews.com/article/us-envoy-is-against-idlib-operation-because-it-will-give-assad-another-victory/,News Desk,[]
2022946,https://www.androidcentral.com/youtube-tv-family-managers-can-snag-nest-home-hub-49,Jason England,[]
2022263,https://3dprintingindustry.com/news/the-mit-scientists-making-3d-printed-fabrics-as-soft-as-skin-157609/,Kubi Sertoglu,[]
2022291,https://ahoramismo.com/entretenimiento/2019/06/superlotto-plus-numeros-ganadores-26062019/,Alida Cleer,[]
2022732,https://247wallst.com/investing/2019/06/28/goldman-sachs-has-5-quality-value-stocks-to-buy-for-nervous-investors/,Lee Jackson,[]
2022265,https://3dprintingindustry.com/news/chinese-startup-invests-3million-in-3d-printed-midsole-production-facility-157909/,Kubi Sertoglu,[]
2022649,https://ahoramismo.com/noticias/2019/06/noticiastrending27junio-cardi-b-gelena-solano-frida/,Alida Cleer,[]
2022603,https://303magazine.com/2019/06/colorado-road-trip-scenic-byways/,Cori Anderson,[]
2022304,https://www.3dnatives.com/es/mink-impresora-3d-de-maquillaje-270620192/,Lucía C.,[]
2023003,https://www.androidworld.it/2019/06/28/cattive-notizie-le-fette-torta-finite-niente-android-pie-nokia-2-foto-640576/,Roberto Artigiani,[]
2022636,https://www.3dnatives.com/mailles-imprimees-en-3d-26062019/,Mélanie R.,[]
2022643,https://ahoramismo.com/entretenimiento/2019/06/gualberto-castro-muerto-cancer/,Michelle Oyola,[]
2022548,https://www.almasdarnews.com/article/israeli-air-force-carries-out-sorties-with-us-british-f-35s-in-syria/,News Desk,[]
2022602,https://www.almasdarnews.com/article/russian-air-force-carries-out-first-strikes-near-idlib-city/,News Desk,[]
2023023,https://americanmilitarynews.com/2019/06/border-patrol-union-boss-attacks-dhs-chief-as-incompetent/,Radio Free Asia,[]
2022547,https://www.almasdarnews.com/article/gps-disruption-hits-iran-iraq-syria-israeli-radio-blames-russian-at-hmeimim-airbase/,News Desk,[]
2022253,https://3dprintingindustry.com/news/ge-additive-to-bring-3d-printing-to-over-one-million-students-157798/,Kubi Sertoglu,[]
2022300,https://www.3dnatives.com/es/servicios-de-impresion-3d-en-espana-250620192/,Lucía C.,[]
2022282,https://ahoramismo.com/deportes/2019/06/brasil-paraguay-hora-livestream-copa-america2019/,Alida Cleer,[]
2022593,https://303magazine.com/2019/06/alamo-drafthouse-westminster/,Lukas Crosby,[]
2022980,https://americanmilitarynews.com/2019/06/presidential-candidate-rep-swalwell-unveils-sweeping-gun-control-plan/,Radio Free Asia,[]
2022710,https://247wallst.com/retail/2019/06/27/rite-aid-surprises-big-with-earnings-and-amazon-partnership/,Chris Lange,[]
2022705,https://247wallst.com/healthcare-business/2019/06/27/thursdays-top-4-biotech-movers/,Chris Lange,[]
2022942,https://www.androidcentral.com/how-automatically-delete-your-google-location-and-web-app-activity,Daniel Bader,[]
2022674,https://www.almasdarnews.com/article/syrian-army-storms-key-hilltop-to-reopen-supply-line-in-northwestern-hama/,News Desk,[]
2022415,https://303magazine.com/2019/06/review-death-cab-for-cutie-2019/,Camila Biddulph,[]
2023045,https://arstechnica.com/tech-policy/2019/06/author-pulls-software-that-used-deep-learning-to-virtually-undress-women/,Timothy B. Lee,[]
2022701,https://247wallst.com/investing/2019/06/25/jefferies-top-growth-stocks-to-buy-all-have-big-time-catalysts/,Lee Jackson,[]
2022257,https://3dprintingindustry.com/news/print-parts-launches-on-demand-additive-manufacturing-service-for-performance-parts-157849/,Kubi Sertoglu,[]
2022638,https://www.3dnatives.com/arme-impression-3d-240620193/,Mélanie R.,[]
2022983,https://www.androidworld.it/2019/06/28/google-sta-testando-filtri-alla-instagramsnapchat-suoi-messaggi-foto-video-640562/,Roberto Artigiani,[]
2023018,https://analyticsindiamag.com/11-non-technical-books-all-data-scientists-must-read/,Prajakta Hebbar,[]
2022718,https://247wallst.com/autos/2019/06/27/why-its-time-to-buy-ford-and-gm-stock-but-not-tesla/,Jon C. Ogg,[]
2022592,https://303magazine.com/2019/06/boulder-forest-bathing-japanese-1/,Marissa Kozma,[]
2022884,https://androidcommunity.com/oppo-under-screen-camera-meshtalk-unveiled-at-mwc-shanghai-20190626/,Rei Padla,[]
2022935,https://androidcommunity.com/youtube-musics-smart-downloads-automatically-downloads-songs-you-liked-20190628/,Ida Torres,[]
2022630,https://www.3dnatives.com/echecs-impression-3d-23062019/,Mélanie R.,[]
2022950,https://www.androidcentral.com/lgs-new-w-series-budget-smartphones-take-fight-samsung-and-xiaomi,Babu Mohan,[]
2023057,https://arstechnica.com/information-technology/2019/06/renewable-electricity-beat-out-coal-for-the-first-time-in-april/,Megan Geuss,[]
2022709,https://247wallst.com/economy/2019/06/26/weak-durable-goods-in-may-should-act-as-a-drag-on-q2-gdp/,Jon C. Ogg,[]
2022587,https://303magazine.com/2019/06/italian-speakeasy-sotto-voce-opens-below-jovaninas-broken-italian/,Barbara Urzua,[]
2022932,https://www.androidcentral.com/samsung-galaxy-note-10-hands-images-confirm-centered-hole-punch-and-triple-rear-cameras,Babu Mohan,[]
2022337,https://www.9and10news.com/2019/06/28/traverse-city-film-festival-lineup-2019/,Emily DeRuiter,[]
2022493,https://alextimes.com/2019/06/with-local-jam-band-duo-the-song-never-remains-the-same/,Missy Schrott,[]
2022351,https://www.accountingtoday.com/news/irs-issues-proposed-regs-on-college-and-university-endowment-income?feed=00000158-20c2-d6a2-adfb-70ebc3670000,Michael Cohn,[]
2022797,https://www.3dprintingmedia.network/beam-it-two-slm-solutions-3d-printers/,Tess Boissonneault,[]
2022949,https://www.androidcentral.com/nokia-42-review,Ara Wagoner,[]
2022324,https://www.abqjournal.com/1333687/mescalero-apache-to-offer-sports-betting-at-casino.html,Associated Press,[]
2022383,https://africa.cgtn.com/2019/06/28/xi-calls-on-g20-to-join-hands-in-forging-high-quality-global-economy/,CGTN Africa,[]
2022565,https://www.altonivel.com.mx/empresas/industria-del-blindaje-un-negocio-que-crece-frente-a-la-violencia/,Antonio Sandoval,[]
2022387,https://africa.cgtn.com/2019/06/25/u-s-says-airstrike-in-somalia-kills-1-terrorist/,Jerry Omondi,[]
2022418,https://303magazine.com/2019/06/behind-the-scenes-at-sonic-bloom-music-festival/,Chloe Dore,[]
2022805,https://www.3dprintingmedia.network/new-balance-triplecell-platform-3d-printed-footwear/,Tess Boissonneault,[]
2022896,https://androidcommunity.com/firefox-preview-is-mozillas-newest-mobile-browser-for-android-20190628/,Rei Padla,[]
2022468,https://alextimes.com/2019/06/scooters-in-alexandria-part-5-state-bill-regulates-e-scooters/,Missy Schrott,[]
2022309,https://www.abqjournal.com/1334247/four-corners-hospital-layoffs-5-of-staff-amid-cuts.html,Associated Press,[]
2022441,https://africa.cgtn.com/2019/06/28/china-donates-sewing-machines-to-women-groups-in-tanzania/,CGTN Africa,[]
2022951,https://alextimes.com/2019/06/mo-seifeldein-calls-for-suspension-of-scooters/,Missy Schrott,[]
2022254,https://3dprintingindustry.com/news/watch-bcn3ds-vast-3d-printing-farm-157880/,Kubi Sertoglu,[]
